Workbook

Sheet data
A1: Date | B1: AAPL | C1: MSFT | D1: GOOGL | E1: AAPLE RETURN | F1: MSFT RETURN | G1: GOOGL RETURN
A2: 45372 | B2: 169.82 | C2: 422.88 | D2: 146.39
A3: 45373 | B3: 170.73 | C3: 422.26 | D3: 149.53 | E3: =(B3-B2)/B2 -> 0.005358615 | F3: =(C3-C2)/C2 -> -0.001466137 | G3: =(D3-D2)/D2 -> 0.021449553
A4: 45376 | B4: 169.31 | C4: 416.47 | D4: 148.84 | E4: =(B4-B3)/B3 -> -0.008317226 | F4: =(C3-C2)/C2 -> -0.001466137 | G4: =(D4-D3)/D3 -> -0.0046144586
A5: 45377 | B5: 168.18 | C5: 415.28 | D5: 149.43 | E5: =(B5-B4)/B4 -> -0.006674148 | F5: =(C4-C3)/C3 -> -0.013711931 | G5: =(D5-D4)/D4 -> 0.0039639882
A6: 45378 | B6: 171.75 | C6: 415.06 | D6: 149.63 | E6: =(B6-B5)/B5 -> 0.021227257 | F6: =(C5-C4)/C4 -> -0.0028573487 | G6: =(D6-D5)/D5 -> 0.0013384193
A7: 45379 | B7: 169.93 | C7: 414.36 | D7: 149.69 | E7: =(B7-B6)/B6 -> -0.010596798 | F7: =(C6-C5)/C5 -> -0.00052976305 | G7: =(D7-D6)/D6 -> 0.00040098911
A8: 45383 | B8: 168.5 | C8: 418.15 | D8: 154.22 | E8: =(B8-B7)/B7 -> -0.0084152298 | F8: =(C7-C6)/C6 -> -0.0016865032 | G8: =(D8-D7)/D7 -> 0.030262543
A9: 45384 | B9: 167.32 | C9: 415.07 | D9: 153.29 | E9: =(B9-B8)/B8 -> -0.0070029674 | F9: =(C8-C7)/C7 -> 0.0091466358 | G9: =(D9-D8)/D8 -> -0.0060303463
A10: 45385 | B10: 168.12 | C10: 414.09 | D10: 153.65 | E10: =(B10-B9)/B9 -> 0.0047812575 | F10: =(C9-C8)/C8 -> -0.0073657778 | G10: =(D10-D9)/D9 -> 0.0023484898
A11: 45386 | B11: 167.3 | C11: 411.56 | D11: 149.3 | E11: =(B11-B10)/B10 -> -0.0048774685 | F11: =(C10-C9)/C9 -> -0.0023610475 | G11: =(D11-D10)/D10 -> -0.028311097
A12: 45387 | B12: 168.05 | C12: 419.09 | D12: 151.25 | E12: =(B12-B11)/B11 -> 0.0044829647 | F12: =(C11-C10)/C10 -> -0.0061097829 | G12: =(D12-D11)/D11 -> 0.013060951
A13: 45390 | B13: 166.93 | C13: 418.17 | D13: 153.58 | E13: =(B13-B12)/B12 -> -0.0066646831 | F13: =(C12-C11)/C11 -> 0.018296239 | G13: =(D13-D12)/D12 -> 0.015404959
A14: 45391 | B14: 168.14 | C14: 419.84 | D14: 155.32 | E14: =(B14-B13)/B13 -> 0.0072485473 | F14: =(C13-C12)/C12 -> -0.0021952325 | G14: =(D14-D13)/D13 -> 0.0113296
A15: 45392 | B15: 166.27 | C15: 416.86 | D15: 154.86 | E15: =(B15-B14)/B14 -> -0.011121684 | F15: =(C14-C13)/C13 -> 0.0039935911 | G15: =(D15-D14)/D14 -> -0.0029616276
... A502: 46101 | B502: 247.99 | C502: 381.87 | D502: 301 | E502: =(B502-B501)/B501 -> -0.0038962082 | F502: =(C501-C500)/C500 -> -0.0070701141 | G502: =(D502-D501)/D501 -> -0.019958975

Sheet Comparison
A1: Metric | B1: AAPL | C1: MSFT | D1: GOOGL
A2: Start Price | B2: =data!B2 -> 169.82 | C2: =data!C2 -> 422.88 | D2: =data!D2 -> 146.39
A3: End Price | B3: =data!B502 -> 247.99 | C3: =data!C502 -> 381.87 | D3: =data!D502 -> 301
A4: Total Return | B4: =(B3-B2)/B2 -> 0.46031092 | C4: =(C3-C2)/C2 -> -0.096977866 | D4: =(D3-D2)/D2 -> 1.0561514
A5: Avg Daily Return | B5: =AVERAGE(data!E3:E502) -> 0.00091524819 | C5: =AVERAGE(data!F3:F502) -> -5.6307031e-05 | D5: =AVERAGE(data!G3:G502) -> 0.0016156543
A6: Daily Volatility | B6: =STDEV(data!E3:E502) -> 0.01786256 | C6: =STDEV(data!F3:F502) -> 0.015062456 | D6: =STDEV(data!G3:G502) -> 0.018677195
A7: Best Day | B7: =MAX(data!E3:E502) -> 0.15331741 | C7: =MAX(data!F3:F502) -> 0.10131583 | D7: =MAX(data!G3:G502) -> 0.10224922
A8: Worst Day | B8: =MIN(data!E3:E502) -> -0.092454692 | C8: =MIN(data!F3:F502) -> -0.099931326 | D8: =MIN(data!G3:G502) -> -0.072920216
A9: Annual Return | B9: =B5*252 -> 0.23064255 | C9: =C5*252 -> -0.014189372 | D9: =D5*252 -> 0.40714489
A10: Annual Volatility | B10: =B6*SQRT(252) -> 0.28355935 | C10: =C6*SQRT(252) -> 0.23910908 | D10: =D6*SQRT(252) -> 0.29649128
A11: Sharpe Ratio | B11: =(B9-0.05)/B10 -> 0.63705375 | C11: =(C9-0.05)/C10 -> -0.26845226 | D11: =(D9-0.05)/D10 -> 1.2045713
A12: Win Rate | B12: =COUNTIF(data!E3:E512,">"&0)/512 -> 0.53710938 | C12: =COUNTIF(data!F3:F512,">"&0)/512 -> 0.51367188 | D12: =COUNTIF(data!G3:G512,">"&0)/512 -> 0.53710938
A13: Risk/Return Ratio | B13: =B4/B10 -> 1.6233318 | C13: =C4/C10 -> -0.40558002 | D13: =D4/D10 -> 3.5621668
A14: Max Drawdown | B14: =(MIN(data!B2:B502)-MAX(data!B2:B502))/MAX(data!B2:B502) -> -0.42812675 | C14: =(MIN(data!C2:C502)-MAX(data!C2:C502))/MAX(data!C2:C502) -> -0.34818369 | D14: =(MIN(data!D2:D502)-MAX(data!D2:D502))/MAX(data!D2:D502) -> -0.58014267
A20: CORRELATION MATRIX
A21: AAPL-MSFT | B21: =PEARSON(data!E3:E502,data!F3:F502) -> -0.040411794
A22: AAPL-GOOGL | B22: =PEARSON(data!E3:E502,data!G3:G502) -> 0.42499483
A23: MSFT-GOOGL | B23: =PEARSON(data!F3:F502,data!G3:G502) -> -0.025080853
